{
	"format_version": "1.8.0",
	"animations": {
		"animation.curved.normal_idle": {
			"loop": true,
			"animation_length": 2,
			"bones": {
				"RightArm": {
					"rotation": {
						"0.0": [0, 0, 0],
						"1.0": [0, 0, 0],
						"2.0": [0, 0, 0]
					}
				},
				"LeftArm": {
					"rotation": {
						"0.0": [0, 0, 0],
						"1.0": [0, 0, 0],
						"2.0": [0, 0, 0]
					}
				},
				"RightArm": {
					"rotation": {
						"0.0": [0, 0, 0],
						"1.0": [0, 0, 2.5],
						"2.0": [0, 0, 0]
					}
				},
				"LeftArm": {
					"rotation": {
						"0.0": [0, 0, 0],
						"1.0": [0, 0, -2.5],
						"2.0": [0, 0, 0]
					}
				}
			}
		},
		"animation.curved.curved_idle": {
			"loop": true,
			"animation_length": 1,
			"bones": {
				"Head": {
					"rotation": [-30, 0, -35]
				},
				"Body": {
					"rotation": [35.28664, -20.20435, 26.01349]
				},
				"RightArm": {
					"rotation": [-44.97559, -4.96394, -30.4671]
				},
				"LeftArm": {
					"rotation": [-42.73421, -15.69986, -16.32495]
				},
				"RightArm": {
					"rotation": [-44.97559, -4.96394, -30.4671]
				},
				"LeftArm": {
					"rotation": [-42.73421, -15.69986, -16.32495]
				}
			}
		},
		"animation.curved.angry_curved_idle": {
			"loop": true,
			"animation_length": 1,
			"bones": {
				"Head": {
					"rotation": [-30, 0, -35]
				},
				"Body": {
					"rotation": [35.28664, -20.20435, 26.01349]
				},
				"RightArm": {
					"rotation": [-44.97559, -4.96394, -30.4671]
				},
				"LeftArm": {
					"rotation": [-42.73421, -15.69986, -16.32495]
				},
				"bone": {
					"position": {
						"0.0": [0, 0, 0],
						"0.0417": [-1, 0, 0],
						"0.0833": [-1, -1, 0],
						"0.125": [-1, 0, 0],
						"0.1667": [0, 0, 0],
						"0.2083": [-1, 0, 0],
						"0.25": [-1, -1, 0],
						"0.2917": [0, -1, 0],
						"0.3333": [1, 0, 0],
						"0.375": [0, 0, 0],
						"0.4167": [0, -1, 0],
						"0.4583": [0, 0, 0],
						"0.5": [-1, 0, 0],
						"0.5417": [-1, -1, 0],
						"0.5833": [-1, 0, 0],
						"0.625": [0, 0, 0],
						"0.6667": [-1, 0, 0],
						"0.7083": [-1, -1, 0],
						"0.75": [0, -1, 0],
						"0.7917": [1, 0, 0],
						"0.8333": [0, 0, 0],
						"0.875": [0, -1, 0],
						"0.9167": [0, 0, 0],
						"0.9583": [0, -1, 0],
						"1.0": [0, 0, 0]
					}
				},
				"RightArm": {
					"rotation": [-44.97559, -4.96394, -30.4671]
				},
				"LeftArm": {
					"rotation": [-42.73421, -15.66986, -16.32495]
				}
			}
		},
		"animation.curved.normal_walk": {
			"loop": true,
			"animation_length": 1,
			"bones": {
				"RightArm": {
					"rotation": {
						"0.0": [0, 0, 0],
						"0.5": [0, 0, 0],
						"1.0": [0, 0, 0]
					}
				},
				"LeftArm": {
					"rotation": {
						"0.0": [0, 0, 0],
						"0.5": [0, 0, 0],
						"1.0": [0, 0, 0]
					}
				},
				"RightLeg": {
					"rotation": {
						"0.0": [0, 0, 0],
						"0.5": [0, 0, 0],
						"1.0": [0, 0, 0]
					}
				},
				"LeftLeg": {
					"rotation": {
						"0.0": [0, 0, 0],
						"0.5": [0, 0, 0],
						"1.0": [0, 0, 0]
					}
				},
				"LeftLeg": {
					"rotation": {
						"0.0": [45, 0, 0],
						"0.5": [-45, 0, 0],
						"1.0": [45, 0, 0]
					}
				},
				"RightLeg": {
					"rotation": {
						"0.0": [-45, 0, 0],
						"0.5": [45, 0, 0],
						"1.0": [-45, 0, 0]
					}
				},
				"RightArm": {
					"rotation": {
						"0.0": [45, 0, 0],
						"0.5": [-45, 0, 0],
						"1.0": [45, 0, 0]
					}
				},
				"LeftArm": {
					"rotation": {
						"0.0": [-45, 0, 0],
						"0.5": [45, 0, 0],
						"1.0": [-45, 0, 0]
					}
				}
			}
		},
		"animation.curved.chase": {
			"loop": true,
			"animation_length": 0.5,
			"bones": {
				"RightArm": {
					"rotation": {
						"0.0": [0, 0, 0],
						"0.25": [0, 0, 0],
						"0.5": [0, 0, 0]
					}
				},
				"LeftArm": {
					"rotation": {
						"0.0": [0, 0, 0],
						"0.25": [0, 0, 0],
						"0.5": [0, 0, 0]
					}
				},
				"RightLeg": {
					"rotation": {
						"0.0": [0, 0, 0],
						"0.25": [0, 0, 0],
						"0.5": [0, 0, 0]
					}
				},
				"LeftLeg": {
					"rotation": {
						"0.0": [0, 0, 0],
						"0.25": [0, 0, 0],
						"0.5": [0, 0, 0]
					}
				},
				"bone": {
					"position": {
						"0.0": [0, 0, 0],
						"0.0417": [-1, 0, 0],
						"0.0833": [-1, -1, 0],
						"0.125": [-1, 0, 0],
						"0.1667": [0, 0, 0],
						"0.2083": [-1, 0, 0],
						"0.25": [-1, -1, 0],
						"0.2917": [0, -1, 0],
						"0.3333": [1, 0, 0],
						"0.375": [0, 0, 0],
						"0.4167": [0, -1, 0],
						"0.4583": [0, 0, 0],
						"0.5": [-1, 0, 0]
					}
				},
				"LeftLeg": {
					"rotation": {
						"0.0": [45, 0, 0],
						"0.25": [-45, 0, 0],
						"0.5": [45, 0, 0]
					}
				},
				"RightLeg": {
					"rotation": {
						"0.0": [-45, 0, 0],
						"0.25": [45, 0, 0],
						"0.5": [-45, 0, 0]
					}
				},
				"RightArm": {
					"rotation": {
						"0.0": [45, 0, 0],
						"0.25": [-45, 0, 0],
						"0.5": [45, 0, 0]
					}
				},
				"LeftArm": {
					"rotation": {
						"0.0": [-45, 0, 0],
						"0.25": [45, 0, 0],
						"0.5": [-45, 0, 0]
					}
				}
			}
		}
	}
}