{
	"format_version": "1.8.0",
	"animations": {
		"animation.thebrokenend.jumpscare": {
			"animation_length": 3.5417,
			"bones": {
				"bone3": {
					"rotation": {
						"0.0": [10, 0, 0],
						"0.25": [20, 0, 0]
					},
					"position": {
						"0.0": [0, 0, 0],
						"0.25": [0, -7, 0]
					}
				},
				"bone5": {
					"rotation": {
						"0.0": [0, 0, 0],
						"0.25": [25, 0, 0],
						"0.4583": [35, 0, 0],
						"0.5833": [38.43866, 12.2403, 8.73739],
						"0.7083": [90.93866, 12.2403, 8.73739]
					},
					"position": {
						"0.0": [0, 0, 0],
						"0.25": [0, -18, 5],
						"0.4583": [0, -18, 19]
					}
				},
				"bone6": {
					"rotation": {
						"0.0": [0, 0, 0],
						"0.125": [-17.5, 0, 0],
						"0.5417": [-40, 0, 0],
						"0.7083": [-82.5, 0, 0]
					},
					"position": {
						"0.0": [0, 0, 0],
						"0.125": [4, -26, 0],
						"0.5417": [4, -5, 0]
					}
				},
				"bone4": {
					"rotation": {
						"0.0": [0, 0, 0],
						"0.2083": [-14.65993, 3.21132, 12.08681],
						"0.375": [-27.15993, 3.21132, 12.08681],
						"0.5": [-52.15993, 3.21132, 12.08681],
						"0.5833": [-47.15993, 3.21132, 12.08681],
						"0.7083": [-109.65993, 3.21132, 12.08681]
					},
					"position": {
						"0.0": [0, 0, 0],
						"0.375": [-5, -13, 0]
					}
				},
				"bone": {
					"rotation": {
						"0.0": [0, 0, 0],
						"0.7083": [125.93866, 12.2403, 8.73739],
						"1.0": [127.15846, 18.26883, 13.36473],
						"1.0417": {"pre": [127.15846, 18.26883, 13.36473], "post": [125.94006, 12.24158, 8.73247]},
						"1.0833": {"pre": [125.94006, 12.24158, 8.73247], "post": [127.1598, 18.26843, 13.35748]},
						"1.125": {"pre": [127.1598, 18.26843, 13.35748], "post": [126.28711, 14.26133, 10.24617]},
						"1.1667": {"pre": [126.28711, 14.26133, 10.24617], "post": [127.16287, 18.26852, 13.36402]},
						"1.2083": {"pre": [127.16287, 18.26852, 13.36402], "post": [126.28711, 14.26133, 10.24617]}
					},
					"position": {
						"0.0": [0, 0, 0],
						"0.7083": [0, 11, -8],
						"0.875": [-2, 22, -8],
						"1.25": [-9, 22, 21]
					},
					"scale": [1.5, 1.3, 1]
				},
				"bone2": {
					"rotation": {
						"0.0": [0, 0, 0],
						"0.25": [-5, 0, 0],
						"0.4583": [-22.42287, 1.91134, 4.62111]
					},
					"position": {
						"0.0": [0, 0, 0],
						"0.4583": [0, -11, -7]
					}
				}
			}
		},
		"animation.thebrokenend.walk": {
			"loop": true,
			"animation_length": 0.75,
			"bones": {
				"bone3": {
					"rotation": {
						"0.0": [0, 0, 0],
						"0.25": [-30, 0, 0],
						"0.5": [30, 0, 0],
						"0.75": [0, 0, 0]
					}
				},
				"bone2": {
					"rotation": {
						"0.0": [0, 0, 0],
						"0.25": [30, 0, 0],
						"0.5": [-30, 0, 0],
						"0.75": [0, 0, 0]
					}
				}
			}
		},
		"animation.thebrokenend.jumpscare": {
			"animation_length": 3.5417,
			"bones": {
				"bone3": {
					"rotation": {
						"0.0": [10, 0, 0],
						"0.25": [20, 0, 0]
					},
					"position": {
						"0.0": [0, 0, 0],
						"0.25": [0, -7, 0]
					}
				},
				"bone5": {
					"rotation": {
						"0.0": [0, 0, 0],
						"0.25": [25, 0, 0],
						"0.4583": [35, 0, 0],
						"0.5833": [38.43866, 12.2403, 8.73739],
						"0.7083": [90.93866, 12.2403, 8.73739]
					},
					"position": {
						"0.0": [0, 0, 0],
						"0.25": [0, -18, 5],
						"0.4583": [0, -18, 19]
					}
				},
				"bone6": {
					"rotation": {
						"0.0": [0, 0, 0],
						"0.125": [-17.5, 0, 0],
						"0.5417": [-40, 0, 0],
						"0.7083": [-82.5, 0, 0]
					},
					"position": {
						"0.0": [0, 0, 0],
						"0.125": [4, -26, 0],
						"0.5417": [4, -5, 0]
					}
				},
				"bone4": {
					"rotation": {
						"0.0": [0, 0, 0],
						"0.2083": [-14.65993, 3.21132, 12.08681],
						"0.375": [-27.15993, 3.21132, 12.08681],
						"0.5": [-52.15993, 3.21132, 12.08681],
						"0.5833": [-47.15993, 3.21132, 12.08681],
						"0.7083": [-109.65993, 3.21132, 12.08681]
					},
					"position": {
						"0.0": [0, 0, 0],
						"0.375": [-5, -13, 0]
					}
				},
				"bone": {
					"rotation": {
						"0.0": [0, 0, 0],
						"0.7083": [125.93866, 12.2403, 8.73739],
						"1.0": [127.15846, 18.26883, 13.36473],
						"1.0417": {"pre": [127.15846, 18.26883, 13.36473], "post": [125.94006, 12.24158, 8.73247]},
						"1.0833": {"pre": [125.94006, 12.24158, 8.73247], "post": [127.1598, 18.26843, 13.35748]},
						"1.125": {"pre": [127.1598, 18.26843, 13.35748], "post": [126.28711, 14.26133, 10.24617]},
						"1.1667": {"pre": [126.28711, 14.26133, 10.24617], "post": [127.16287, 18.26852, 13.36402]},
						"1.2083": {"pre": [127.16287, 18.26852, 13.36402], "post": [126.28711, 14.26133, 10.24617]}
					},
					"position": {
						"0.0": [0, 0, 0],
						"0.7083": [0, 11, -8],
						"0.875": [-2, 22, -8],
						"1.25": [-9, 22, 21]
					},
					"scale": [1.5, 1.3, 1]
				},
				"bone2": {
					"rotation": {
						"0.0": [0, 0, 0],
						"0.25": [-5, 0, 0],
						"0.4583": [-22.42287, 1.91134, 4.62111]
					},
					"position": {
						"0.0": [0, 0, 0],
						"0.4583": [0, -11, -7]
					}
				}
			}
		}
	}
}